STRUCTURE,STRUCTURE_ID,STRUCTURE_NAME,ACTION,REF_AREA,Reference area,MEASURE,Measure,UNIT_MEASURE,Unit of measure,AGE,Age,SEX,Sex,EDUCATION_LEV,Education level,DOMAIN,Domain,TIME_PERIOD,Time period,OBS_VALUE,Observation value,OBS_STATUS,Observation status,UNIT_MULT,Unit multiplier,DECIMALS,Decimals,BASE_PER,Base period
DATAFLOW,OECD.WISE.WDP:DSD_HSL@DF_HSL_CWB(1.1),Current well-being,I,AUS,Australia,9_3,Exposure to extreme temperature,PT_POP,Percentage of population,_T,Total,_T,Total,_T,Total,HSL_9,Environmental quality,2020,,5.70070747,,A,Normal value,0,Units,2,Two,,
DATAFLOW,OECD.WISE.WDP:DSD_HSL@DF_HSL_CWB(1.1),Current well-being,I,AUS,Australia,9_3,Exposure to extreme temperature,PT_POP,Percentage of population,_T,Total,_T,Total,_T,Total,HSL_9,Environmental quality,2019,,28.23200002,,A,Normal value,0,Units,2,Two,,
DATAFLOW,OECD.WISE.WDP:DSD_HSL@DF_HSL_CWB(1.1),Current well-being,I,AUS,Australia,5_1,Life expectancy at birth,Y,Years,_T,Total,_T,Total,_T,Total,HSL_5,Health,2017,,82.5,,A,Normal value,0,Units,2,Two,,
DATAFLOW,OECD.WISE.WDP:DSD_HSL@DF_HSL_CWB(1.1),Current well-being,I,AUS,Australia,5_1,Life expectancy at birth,Y,Years,_T,Total,_T,Total,_T,Total,HSL_5,Health,2016,,82.4,,A,Normal value,0,Units,2,Two,,
DATAFLOW,OECD.WISE.WDP:DSD_HSL@DF_HSL_CWB(1.1),Current well-being,I,AUS,Australia,5_1,Life expectancy at birth,Y,Years,_T,Total,_T,Total,_T,Total,HSL_5,Health,2015,,82.4,,A,Normal value,0,Units,2,Two,,
DATAFLOW,OECD.WISE.WDP:DSD_HSL@DF_HSL_CWB(1.1),Current well-being,I,AUS,Australia,2_7,Long hours in paid work,PT_SAL,Percentage of employees,_T,Total,_T,Total,_T,Total,HSL_2,Work and job quality,2011,,14.14,,A,Normal value,0,Units,2,Two,,
DATAFLOW,OECD.WISE.WDP:DSD_HSL@DF_HSL_CWB(1.1),Current well-being,I,AUS,Australia,2_7,Long hours in paid work,PT_SAL,Percentage of employees,_T,Total,_T,Total,_T,Total,HSL_2,Work and job quality,2010,,13.99,,A,Normal value,0,Units,2,Two,,
DATAFLOW,OECD.WISE.WDP:DSD_HSL@DF_HSL_CWB(1.1),Current well-being,I,AUS,Australia,2_7,Long hours in paid work,PT_SAL,Percentage of employees,_T,Total,_T,Total,_T,Total,HSL_2,Work and job quality,2024,,10.17,,A,Normal value,0,Units,2,Two,,
DATAFLOW,OECD.WISE.WDP:DSD_HSL@DF_HSL_CWB(1.1),Current well-being,I,AUS,Australia,5_1,Life expectancy at birth,Y,Years,_T,Total,_T,Total,_T,Total,HSL_5,Health,2011,,81.9,,A,Normal value,0,Units,2,Two,,
DATAFLOW,OECD.WISE.WDP:DSD_HSL@DF_HSL_CWB(1.1),Current well-being,I,AUS,Australia,5_1,Life expectancy at birth,Y,Years,_T,Total,_T,Total,_T,Total,HSL_5,Health,2010,,81.7,,A,Normal value,0,Units,2,Two,,
DATAFLOW,OECD.WISE.WDP:DSD_HSL@DF_HSL_CWB(1.1),Current well-being,I,AUS,Australia,5_1,Life expectancy at birth,Y,Years,_T,Total,_T,Total,_T,Total,HSL_5,Health,2022,,83.2,,A,Normal value,0,Units,2,Two,,
DATAFLOW,OECD.WISE.WDP:DSD_HSL@DF_HSL_CWB(1.1),Current well-being,I,AUS,Australia,1_3,Median net wealth,USD_HH_PPP,"US dollars per household, PPP converted",_T,Total,_T,Total,_T,Total,HSL_1,Income and wealth,2012,,317166,,A,Normal value,0,Units,2,Two,2022,
DATAFLOW,OECD.WISE.WDP:DSD_HSL@DF_HSL_CWB(1.1),Current well-being,I,AUS,Australia,1_3,Median net wealth,USD_HH_PPP,"US dollars per household, PPP converted",_T,Total,_T,Total,_T,Total,HSL_1,Income and wealth,2020,,337095,,A,Normal value,0,Units,2,Two,2022,
DATAFLOW,OECD.WISE.WDP:DSD_HSL@DF_HSL_CWB(1.1),Current well-being,I,AUS,Australia,1_3,Median net wealth,USD_HH_PPP,"US dollars per household, PPP converted",_T,Total,_T,Total,_T,Total,HSL_1,Income and wealth,2018,,336270,,A,Normal value,0,Units,2,Two,2022,
DATAFLOW,OECD.WISE.WDP:DSD_HSL@DF_HSL_CWB(1.1),Current well-being,I,AUS,Australia,1_1,Households and NPISHs net adjusted disposable income per capita,USD_PPP_PS,"US dollars per person, PPP converted",_T,Total,_T,Total,_T,Total,HSL_1,Income and wealth,2018,,43982,,A,Normal value,0,Units,2,Two,2022,
DATAFLOW,OECD.WISE.WDP:DSD_HSL@DF_HSL_CWB(1.1),Current well-being,I,AUS,Australia,1_1,Households and NPISHs net adjusted disposable income per capita,USD_PPP_PS,"US dollars per person, PPP converted",_T,Total,_T,Total,_T,Total,HSL_1,Income and wealth,2017,,43399,,A,Normal value,0,Units,2,Two,2022,
DATAFLOW,OECD.WISE.WDP:DSD_HSL@DF_HSL_CWB(1.1),Current well-being,I,AUS,Australia,1_1,Households and NPISHs net adjusted disposable income per capita,USD_PPP_PS,"US dollars per person, PPP converted",_T,Total,_T,Total,_T,Total,HSL_1,Income and wealth,2016,,43069,,A,Normal value,0,Units,2,Two,2022,
DATAFLOW,OECD.WISE.WDP:DSD_HSL@DF_HSL_CWB(1.1),Current well-being,I,AUS,Australia,1_1,Households and NPISHs net adjusted disposable income per capita,USD_PPP_PS,"US dollars per person, PPP converted",_T,Total,_T,Total,_T,Total,HSL_1,Income and wealth,2015,,42716,,A,Normal value,0,Units,2,Two,2022,
DATAFLOW,OECD.WISE.WDP:DSD_HSL@DF_HSL_CWB(1.1),Current well-being,I,AUS,Australia,1_1,Households and NPISHs net adjusted disposable income per capita,USD_PPP_PS,"US dollars per person, PPP converted",_T,Total,_T,Total,_T,Total,HSL_1,Income and wealth,2014,,42674,,A,Normal value,0,Units,2,Two,2022,
DATAFLOW,OECD.WISE.WDP:DSD_HSL@DF_HSL_CWB(1.1),Current well-being,I,AUS,Australia,5_1,Life expectancy at birth,Y,Years,_T,Total,_T,Total,_T,Total,HSL_5,Health,2020,,83.2,,A,Normal value,0,Units,2,Two,,
DATAFLOW,OECD.WISE.WDP:DSD_HSL@DF_HSL_CWB(1.1),Current well-being,I,AUS,Australia,5_1,Life expectancy at birth,Y,Years,_T,Total,_T,Total,_T,Total,HSL_5,Health,2019,,82.9,,A,Normal value,0,Units,2,Two,,
DATAFLOW,OECD.WISE.WDP:DSD_HSL@DF_HSL_CWB(1.1),Current well-being,I,AUS,Australia,5_1,Life expectancy at birth,Y,Years,_T,Total,_T,Total,_T,Total,HSL_5,Health,2018,,82.7,,A,Normal value,0,Units,2,Two,,
DATAFLOW,OECD.WISE.WDP:DSD_HSL@DF_HSL_CWB(1.1),Current well-being,I,AUS,Australia,1_1,Households and NPISHs net adjusted disposable income per capita,USD_PPP_PS,"US dollars per person, PPP converted",_T,Total,_T,Total,_T,Total,HSL_1,Income and wealth,2023,,45485,,A,Normal value,0,Units,2,Two,2022,
DATAFLOW,OECD.WISE.WDP:DSD_HSL@DF_HSL_CWB(1.1),Current well-being,I,AUS,Australia,1_1,Households and NPISHs net adjusted disposable income per capita,USD_PPP_PS,"US dollars per person, PPP converted",_T,Total,_T,Total,_T,Total,HSL_1,Income and wealth,2022,,46375,,A,Normal value,0,Units,2,Two,2022,
DATAFLOW,OECD.WISE.WDP:DSD_HSL@DF_HSL_CWB(1.1),Current well-being,I,AUS,Australia,1_1,Households and NPISHs net adjusted disposable income per capita,USD_PPP_PS,"US dollars per person, PPP converted",_T,Total,_T,Total,_T,Total,HSL_1,Income and wealth,2021,,48641,,A,Normal value,0,Units,2,Two,2022,
DATAFLOW,OECD.WISE.WDP:DSD_HSL@DF_HSL_CWB(1.1),Current well-being,I,AUS,Australia,1_1,Households and NPISHs net adjusted disposable income per capita,USD_PPP_PS,"US dollars per person, PPP converted",_T,Total,_T,Total,_T,Total,HSL_1,Income and wealth,2020,,47039,,A,Normal value,0,Units,2,Two,2022,
DATAFLOW,OECD.WISE.WDP:DSD_HSL@DF_HSL_CWB(1.1),Current well-being,I,AUS,Australia,5_3,"Deaths from suicide, alcohol, drugs",DT_10P5HB,Deaths per 100 000 inhabitants,_T,Total,_T,Total,_T,Total,HSL_5,Health,2019,,22.79913878,,A,Normal value,0,Units,2,Two,,
DATAFLOW,OECD.WISE.WDP:DSD_HSL@DF_HSL_CWB(1.1),Current well-being,I,AUS,Australia,5_3,"Deaths from suicide, alcohol, drugs",DT_10P5HB,Deaths per 100 000 inhabitants,_T,Total,_T,Total,_T,Total,HSL_5,Health,2018,,22.43450754,,A,Normal value,0,Units,2,Two,,
DATAFLOW,OECD.WISE.WDP:DSD_HSL@DF_HSL_CWB(1.1),Current well-being,I,AUS,Australia,5_3,"Deaths from suicide, alcohol, drugs",DT_10P5HB,Deaths per 100 000 inhabitants,_T,Total,_T,Total,_T,Total,HSL_5,Health,2017,,22.55521167,,A,Normal value,0,Units,2,Two,,
DATAFLOW,OECD.WISE.WDP:DSD_HSL@DF_HSL_CWB(1.1),Current well-being,I,AUS,Australia,5_3,"Deaths from suicide, alcohol, drugs",DT_10P5HB,Deaths per 100 000 inhabitants,_T,Total,_T,Total,_T,Total,HSL_5,Health,2016,,20.96259125,,A,Normal value,0,Units,2,Two,,
DATAFLOW,OECD.WISE.WDP:DSD_HSL@DF_HSL_CWB(1.1),Current well-being,I,AUS,Australia,5_3,"Deaths from suicide, alcohol, drugs",DT_10P5HB,Deaths per 100 000 inhabitants,_T,Total,_T,Total,_T,Total,HSL_5,Health,2015,,18.15722319,,A,Normal value,0,Units,2,Two,,
DATAFLOW,OECD.WISE.WDP:DSD_HSL@DF_HSL_CWB(1.1),Current well-being,I,AUS,Australia,5_3,"Deaths from suicide, alcohol, drugs",DT_10P5HB,Deaths per 100 000 inhabitants,_T,Total,_T,Total,_T,Total,HSL_5,Health,2014,,17.33662028,,A,Normal value,0,Units,2,Two,,
DATAFLOW,OECD.WISE.WDP:DSD_HSL@DF_HSL_CWB(1.1),Current well-being,I,AUS,Australia,5_3,"Deaths from suicide, alcohol, drugs",DT_10P5HB,Deaths per 100 000 inhabitants,_T,Total,_T,Total,_T,Total,HSL_5,Health,2013,,15.94467151,,A,Normal value,0,Units,2,Two,,
DATAFLOW,OECD.WISE.WDP:DSD_HSL@DF_HSL_CWB(1.1),Current well-being,I,AUS,Australia,5_3,"Deaths from suicide, alcohol, drugs",DT_10P5HB,Deaths per 100 000 inhabitants,_T,Total,_T,Total,_T,Total,HSL_5,Health,2012,,15.20790836,,A,Normal value,0,Units,2,Two,,
DATAFLOW,OECD.WISE.WDP:DSD_HSL@DF_HSL_CWB(1.1),Current well-being,I,AUS,Australia,5_3,"Deaths from suicide, alcohol, drugs",DT_10P5HB,Deaths per 100 000 inhabitants,_T,Total,_T,Total,_T,Total,HSL_5,Health,2011,,14.9895317,,A,Normal value,0,Units,2,Two,,
DATAFLOW,OECD.WISE.WDP:DSD_HSL@DF_HSL_CWB(1.1),Current well-being,I,AUS,Australia,5_3,"Deaths from suicide, alcohol, drugs",DT_10P5HB,Deaths per 100 000 inhabitants,_T,Total,_T,Total,_T,Total,HSL_5,Health,2010,,14.88162272,,A,Normal value,0,Units,2,Two,,
DATAFLOW,OECD.WISE.WDP:DSD_HSL@DF_HSL_CWB(1.1),Current well-being,I,AUS,Australia,5_3,"Deaths from suicide, alcohol, drugs",DT_10P5HB,Deaths per 100 000 inhabitants,_T,Total,_T,Total,_T,Total,HSL_5,Health,2023,,20.95522636,,A,Normal value,0,Units,2,Two,,
DATAFLOW,OECD.WISE.WDP:DSD_HSL@DF_HSL_CWB(1.1),Current well-being,I,AUS,Australia,5_3,"Deaths from suicide, alcohol, drugs",DT_10P5HB,Deaths per 100 000 inhabitants,_T,Total,_T,Total,_T,Total,HSL_5,Health,2022,,22.2971496,,A,Normal value,0,Units,2,Two,,
DATAFLOW,OECD.WISE.WDP:DSD_HSL@DF_HSL_CWB(1.1),Current well-being,I,AUS,Australia,5_3,"Deaths from suicide, alcohol, drugs",DT_10P5HB,Deaths per 100 000 inhabitants,_T,Total,_T,Total,_T,Total,HSL_5,Health,2021,,21.31815197,,A,Normal value,0,Units,2,Two,,
DATAFLOW,OECD.WISE.WDP:DSD_HSL@DF_HSL_CWB(1.1),Current well-being,I,AUS,Australia,9_3,Exposure to extreme temperature,PT_POP,Percentage of population,_T,Total,_T,Total,_T,Total,HSL_9,Environmental quality,2013,,10.12877649,,A,Normal value,0,Units,2,Two,,
DATAFLOW,OECD.WISE.WDP:DSD_HSL@DF_HSL_CWB(1.1),Current well-being,I,AUS,Australia,9_3,Exposure to extreme temperature,PT_POP,Percentage of population,_T,Total,_T,Total,_T,Total,HSL_9,Environmental quality,2012,,10.18463358,,A,Normal value,0,Units,2,Two,,
DATAFLOW,OECD.WISE.WDP:DSD_HSL@DF_HSL_CWB(1.1),Current well-being,I,AUS,Australia,9_3,Exposure to extreme temperature,PT_POP,Percentage of population,_T,Total,_T,Total,_T,Total,HSL_9,Environmental quality,2011,,5.441635992,,A,Normal value,0,Units,2,Two,,
DATAFLOW,OECD.WISE.WDP:DSD_HSL@DF_HSL_CWB(1.1),Current well-being,I,AUS,Australia,9_3,Exposure to extreme temperature,PT_POP,Percentage of population,_T,Total,_T,Total,_T,Total,HSL_9,Environmental quality,2010,,9.907040984,,A,Normal value,0,Units,2,Two,,
DATAFLOW,OECD.WISE.WDP:DSD_HSL@DF_HSL_CWB(1.1),Current well-being,I,AUS,Australia,9_3,Exposure to extreme temperature,PT_POP,Percentage of population,_T,Total,_T,Total,_T,Total,HSL_9,Environmental quality,2021,,4.444470396,,A,Normal value,0,Units,2,Two,,
DATAFLOW,OECD.WISE.WDP:DSD_HSL@DF_HSL_CWB(1.1),Current well-being,I,AUS,Australia,9_2,Exposed to air pollution,PT_POP,Percentage of population,_T,Total,_T,Total,_T,Total,HSL_9,Environmental quality,2020,,98.969398,,A,Normal value,0,Units,2,Two,,
DATAFLOW,OECD.WISE.WDP:DSD_HSL@DF_HSL_CWB(1.1),Current well-being,I,AUS,Australia,9_2,Exposed to air pollution,PT_POP,Percentage of population,_T,Total,_T,Total,_T,Total,HSL_9,Environmental quality,2017,,99.146439,,A,Normal value,0,Units,2,Two,,
DATAFLOW,OECD.WISE.WDP:DSD_HSL@DF_HSL_CWB(1.1),Current well-being,I,AUS,Australia,9_2,Exposed to air pollution,PT_POP,Percentage of population,_T,Total,_T,Total,_T,Total,HSL_9,Environmental quality,2016,,99.143822,,A,Normal value,0,Units,2,Two,,
DATAFLOW,OECD.WISE.WDP:DSD_HSL@DF_HSL_CWB(1.1),Current well-being,I,AUS,Australia,9_2,Exposed to air pollution,PT_POP,Percentage of population,_T,Total,_T,Total,_T,Total,HSL_9,Environmental quality,2015,,98.812508,,A,Normal value,0,Units,2,Two,,
DATAFLOW,OECD.WISE.WDP:DSD_HSL@DF_HSL_CWB(1.1),Current well-being,I,AUS,Australia,9_2,Exposed to air pollution,PT_POP,Percentage of population,_T,Total,_T,Total,_T,Total,HSL_9,Environmental quality,2014,,99.089287,,A,Normal value,0,Units,2,Two,,
DATAFLOW,OECD.WISE.WDP:DSD_HSL@DF_HSL_CWB(1.1),Current well-being,I,AUS,Australia,5_1,Life expectancy at birth,Y,Years,_T,Total,_T,Total,_T,Total,HSL_5,Health,2014,,82.3,,A,Normal value,0,Units,2,Two,,
DATAFLOW,OECD.WISE.WDP:DSD_HSL@DF_HSL_CWB(1.1),Current well-being,I,AUS,Australia,5_1,Life expectancy at birth,Y,Years,_T,Total,_T,Total,_T,Total,HSL_5,Health,2013,,82.1,,A,Normal value,0,Units,2,Two,,
DATAFLOW,OECD.WISE.WDP:DSD_HSL@DF_HSL_CWB(1.1),Current well-being,I,AUS,Australia,5_1,Life expectancy at birth,Y,Years,_T,Total,_T,Total,_T,Total,HSL_5,Health,2012,,82,,A,Normal value,0,Units,2,Two,,
DATAFLOW,OECD.WISE.WDP:DSD_HSL@DF_HSL_CWB(1.1),Current well-being,I,AUS,Australia,9_3,Exposure to extreme temperature,PT_POP,Percentage of population,_T,Total,_T,Total,_T,Total,HSL_9,Environmental quality,2018,,8.213533942,,A,Normal value,0,Units,2,Two,,
DATAFLOW,OECD.WISE.WDP:DSD_HSL@DF_HSL_CWB(1.1),Current well-being,I,AUS,Australia,9_3,Exposure to extreme temperature,PT_POP,Percentage of population,_T,Total,_T,Total,_T,Total,HSL_9,Environmental quality,2017,,11.77871476,,A,Normal value,0,Units,2,Two,,
DATAFLOW,OECD.WISE.WDP:DSD_HSL@DF_HSL_CWB(1.1),Current well-being,I,AUS,Australia,9_3,Exposure to extreme temperature,PT_POP,Percentage of population,_T,Total,_T,Total,_T,Total,HSL_9,Environmental quality,2016,,9.636185034,,A,Normal value,0,Units,2,Two,,
DATAFLOW,OECD.WISE.WDP:DSD_HSL@DF_HSL_CWB(1.1),Current well-being,I,AUS,Australia,9_3,Exposure to extreme temperature,PT_POP,Percentage of population,_T,Total,_T,Total,_T,Total,HSL_9,Environmental quality,2015,,9.439477306,,A,Normal value,0,Units,2,Two,,
DATAFLOW,OECD.WISE.WDP:DSD_HSL@DF_HSL_CWB(1.1),Current well-being,I,AUS,Australia,9_2,Exposed to air pollution,PT_POP,Percentage of population,_T,Total,_T,Total,_T,Total,HSL_9,Environmental quality,2019,,99.206535,,A,Normal value,0,Units,2,Two,,
DATAFLOW,OECD.WISE.WDP:DSD_HSL@DF_HSL_CWB(1.1),Current well-being,I,AUS,Australia,9_2,Exposed to air pollution,PT_POP,Percentage of population,_T,Total,_T,Total,_T,Total,HSL_9,Environmental quality,2018,,99.203194,,A,Normal value,0,Units,2,Two,,
DATAFLOW,OECD.WISE.WDP:DSD_HSL@DF_HSL_CWB(1.1),Current well-being,I,AUS,Australia,11_2,Negative affect balance,PT_POP_Y_GE15,Percentage of population aged 15 years or over,_T,Total,_T,Total,_T,Total,HSL_11,Subjective well-being,2023,,14.09894396,,A,Normal value,0,Units,2,Two,,
DATAFLOW,OECD.WISE.WDP:DSD_HSL@DF_HSL_CWB(1.1),Current well-being,I,AUS,Australia,11_2,Negative affect balance,PT_POP_Y_GE15,Percentage of population aged 15 years or over,_T,Total,_T,Total,_T,Total,HSL_11,Subjective well-being,2022,,14.09894396,,A,Normal value,0,Units,2,Two,,
DATAFLOW,OECD.WISE.WDP:DSD_HSL@DF_HSL_CWB(1.1),Current well-being,I,AUS,Australia,11_2,Negative affect balance,PT_POP_Y_GE15,Percentage of population aged 15 years or over,_T,Total,_T,Total,_T,Total,HSL_11,Subjective well-being,2021,,11.31649979,,A,Normal value,0,Units,2,Two,,
DATAFLOW,OECD.WISE.WDP:DSD_HSL@DF_HSL_CWB(1.1),Current well-being,I,AUS,Australia,7_1_DEP,Lack of social support,PT_POP_Y_GE15,Percentage of population aged 15 years or over,_T,Total,_T,Total,_T,Total,HSL_7,Social connections,2014,,6.041596241,,A,Normal value,0,Units,2,Two,,
DATAFLOW,OECD.WISE.WDP:DSD_HSL@DF_HSL_CWB(1.1),Current well-being,I,AUS,Australia,7_1_DEP,Lack of social support,PT_POP_Y_GE15,Percentage of population aged 15 years or over,_T,Total,_T,Total,_T,Total,HSL_7,Social connections,2013,,5.324185017,,A,Normal value,0,Units,2,Two,,
DATAFLOW,OECD.WISE.WDP:DSD_HSL@DF_HSL_CWB(1.1),Current well-being,I,AUS,Australia,7_1_DEP,Lack of social support,PT_POP_Y_GE15,Percentage of population aged 15 years or over,_T,Total,_T,Total,_T,Total,HSL_7,Social connections,2012,,5.324185017,,A,Normal value,0,Units,2,Two,,
DATAFLOW,OECD.WISE.WDP:DSD_HSL@DF_HSL_CWB(1.1),Current well-being,I,AUS,Australia,7_1_DEP,Lack of social support,PT_POP_Y_GE15,Percentage of population aged 15 years or over,_T,Total,_T,Total,_T,Total,HSL_7,Social connections,2011,,5.324185017,,A,Normal value,0,Units,2,Two,,
DATAFLOW,OECD.WISE.WDP:DSD_HSL@DF_HSL_CWB(1.1),Current well-being,I,AUS,Australia,7_1_DEP,Lack of social support,PT_POP_Y_GE15,Percentage of population aged 15 years or over,_T,Total,_T,Total,_T,Total,HSL_7,Social connections,2010,,4.926543324,,A,Normal value,0,Units,2,Two,,
DATAFLOW,OECD.WISE.WDP:DSD_HSL@DF_HSL_CWB(1.1),Current well-being,I,AUS,Australia,11_2,Negative affect balance,PT_POP_Y_GE15,Percentage of population aged 15 years or over,_T,Total,_T,Total,_T,Total,HSL_11,Subjective well-being,2013,,10.51648588,,A,Normal value,0,Units,2,Two,,
DATAFLOW,OECD.WISE.WDP:DSD_HSL@DF_HSL_CWB(1.1),Current well-being,I,AUS,Australia,7_1_DEP,Lack of social support,PT_POP_Y_GE15,Percentage of population aged 15 years or over,_T,Total,_T,Total,_T,Total,HSL_7,Social connections,2019,,5.550077771,,A,Normal value,0,Units,2,Two,,
DATAFLOW,OECD.WISE.WDP:DSD_HSL@DF_HSL_CWB(1.1),Current well-being,I,AUS,Australia,11_2,Negative affect balance,PT_POP_Y_GE15,Percentage of population aged 15 years or over,_T,Total,_T,Total,_T,Total,HSL_11,Subjective well-being,2020,,11.31649979,,A,Normal value,0,Units,2,Two,,
DATAFLOW,OECD.WISE.WDP:DSD_HSL@DF_HSL_CWB(1.1),Current well-being,I,AUS,Australia,11_2,Negative affect balance,PT_POP_Y_GE15,Percentage of population aged 15 years or over,_T,Total,_T,Total,_T,Total,HSL_11,Subjective well-being,2019,,12.66075817,,A,Normal value,0,Units,2,Two,,
DATAFLOW,OECD.WISE.WDP:DSD_HSL@DF_HSL_CWB(1.1),Current well-being,I,AUS,Australia,11_2,Negative affect balance,PT_POP_Y_GE15,Percentage of population aged 15 years or over,_T,Total,_T,Total,_T,Total,HSL_11,Subjective well-being,2018,,12.66075817,,A,Normal value,0,Units,2,Two,,
DATAFLOW,OECD.WISE.WDP:DSD_HSL@DF_HSL_CWB(1.1),Current well-being,I,AUS,Australia,11_2,Negative affect balance,PT_POP_Y_GE15,Percentage of population aged 15 years or over,_T,Total,_T,Total,_T,Total,HSL_11,Subjective well-being,2017,,12.66075817,,A,Normal value,0,Units,2,Two,,
DATAFLOW,OECD.WISE.WDP:DSD_HSL@DF_HSL_CWB(1.1),Current well-being,I,AUS,Australia,11_2,Negative affect balance,PT_POP_Y_GE15,Percentage of population aged 15 years or over,_T,Total,_T,Total,_T,Total,HSL_11,Subjective well-being,2016,,11.97705065,,A,Normal value,0,Units,2,Two,,
DATAFLOW,OECD.WISE.WDP:DSD_HSL@DF_HSL_CWB(1.1),Current well-being,I,AUS,Australia,11_2,Negative affect balance,PT_POP_Y_GE15,Percentage of population aged 15 years or over,_T,Total,_T,Total,_T,Total,HSL_11,Subjective well-being,2015,,11.97705065,,A,Normal value,0,Units,2,Two,,
DATAFLOW,OECD.WISE.WDP:DSD_HSL@DF_HSL_CWB(1.1),Current well-being,I,AUS,Australia,11_2,Negative affect balance,PT_POP_Y_GE15,Percentage of population aged 15 years or over,_T,Total,_T,Total,_T,Total,HSL_11,Subjective well-being,2014,,11.97705065,,A,Normal value,0,Units,2,Two,,
DATAFLOW,OECD.WISE.WDP:DSD_HSL@DF_HSL_CWB(1.1),Current well-being,I,AUS,Australia,7_1_DEP,Lack of social support,PT_POP_Y_GE15,Percentage of population aged 15 years or over,_T,Total,_T,Total,_T,Total,HSL_7,Social connections,2018,,5.550077771,,A,Normal value,0,Units,2,Two,,
DATAFLOW,OECD.WISE.WDP:DSD_HSL@DF_HSL_CWB(1.1),Current well-being,I,AUS,Australia,7_1_DEP,Lack of social support,PT_POP_Y_GE15,Percentage of population aged 15 years or over,_T,Total,_T,Total,_T,Total,HSL_7,Social connections,2017,,5.550077771,,A,Normal value,0,Units,2,Two,,
DATAFLOW,OECD.WISE.WDP:DSD_HSL@DF_HSL_CWB(1.1),Current well-being,I,AUS,Australia,7_1_DEP,Lack of social support,PT_POP_Y_GE15,Percentage of population aged 15 years or over,_T,Total,_T,Total,_T,Total,HSL_7,Social connections,2024,,10.3368659,,A,Normal value,0,Units,2,Two,,
DATAFLOW,OECD.WISE.WDP:DSD_HSL@DF_HSL_CWB(1.1),Current well-being,I,AUS,Australia,7_1_DEP,Lack of social support,PT_POP_Y_GE15,Percentage of population aged 15 years or over,_T,Total,_T,Total,_T,Total,HSL_7,Social connections,2023,,10.3368659,,A,Normal value,0,Units,2,Two,,
DATAFLOW,OECD.WISE.WDP:DSD_HSL@DF_HSL_CWB(1.1),Current well-being,I,AUS,Australia,7_1_DEP,Lack of social support,PT_POP_Y_GE15,Percentage of population aged 15 years or over,_T,Total,_T,Total,_T,Total,HSL_7,Social connections,2022,,6.713678017,,A,Normal value,0,Units,2,Two,,
DATAFLOW,OECD.WISE.WDP:DSD_HSL@DF_HSL_CWB(1.1),Current well-being,I,AUS,Australia,7_1_DEP,Lack of social support,PT_POP_Y_GE15,Percentage of population aged 15 years or over,_T,Total,_T,Total,_T,Total,HSL_7,Social connections,2021,,6.713678017,,A,Normal value,0,Units,2,Two,,
DATAFLOW,OECD.WISE.WDP:DSD_HSL@DF_HSL_CWB(1.1),Current well-being,I,AUS,Australia,7_1_DEP,Lack of social support,PT_POP_Y_GE15,Percentage of population aged 15 years or over,_T,Total,_T,Total,_T,Total,HSL_7,Social connections,2020,,6.713678017,,A,Normal value,0,Units,2,Two,,
DATAFLOW,OECD.WISE.WDP:DSD_HSL@DF_HSL_CWB(1.1),Current well-being,I,AUS,Australia,7_1_DEP,Lack of social support,PT_POP_Y_GE15,Percentage of population aged 15 years or over,_T,Total,_T,Total,_T,Total,HSL_7,Social connections,2016,,6.041596241,,A,Normal value,0,Units,2,Two,,
DATAFLOW,OECD.WISE.WDP:DSD_HSL@DF_HSL_CWB(1.1),Current well-being,I,AUS,Australia,7_1_DEP,Lack of social support,PT_POP_Y_GE15,Percentage of population aged 15 years or over,_T,Total,_T,Total,_T,Total,HSL_7,Social connections,2015,,6.041596241,,A,Normal value,0,Units,2,Two,,
DATAFLOW,OECD.WISE.WDP:DSD_HSL@DF_HSL_CWB(1.1),Current well-being,I,AUS,Australia,11_2,Negative affect balance,PT_POP_Y_GE15,Percentage of population aged 15 years or over,_T,Total,_T,Total,_T,Total,HSL_11,Subjective well-being,2012,,10.51648588,,A,Normal value,0,Units,2,Two,,
DATAFLOW,OECD.WISE.WDP:DSD_HSL@DF_HSL_CWB(1.1),Current well-being,I,AUS,Australia,11_2,Negative affect balance,PT_POP_Y_GE15,Percentage of population aged 15 years or over,_T,Total,_T,Total,_T,Total,HSL_11,Subjective well-being,2011,,10.51648588,,A,Normal value,0,Units,2,Two,,
DATAFLOW,OECD.WISE.WDP:DSD_HSL@DF_HSL_CWB(1.1),Current well-being,I,AUS,Australia,8_1_DEP,Not having a say in government,PT_POP_Y16T65,Percentage of population aged 16-65 years,_T,Total,_T,Total,_T,Total,HSL_8,Civic engagement,2021,,46.815718,,A,Normal value,0,Units,2,Two,,
DATAFLOW,OECD.WISE.WDP:DSD_HSL@DF_HSL_CWB(1.1),Current well-being,I,AUS,Australia,2_1,Employment rate,PT_POP_Y25T64,Percentage of population aged 25-64 years,_T,Total,_T,Total,_T,Total,HSL_2,Work and job quality,2011,,75.798,,A,Normal value,0,Units,2,Two,,
DATAFLOW,OECD.WISE.WDP:DSD_HSL@DF_HSL_CWB(1.1),Current well-being,I,AUS,Australia,2_1,Employment rate,PT_POP_Y25T64,Percentage of population aged 25-64 years,_T,Total,_T,Total,_T,Total,HSL_2,Work and job quality,2010,,75.444,,A,Normal value,0,Units,2,Two,,
DATAFLOW,OECD.WISE.WDP:DSD_HSL@DF_HSL_CWB(1.1),Current well-being,I,AUS,Australia,2_1,Employment rate,PT_POP_Y25T64,Percentage of population aged 25-64 years,_T,Total,_T,Total,_T,Total,HSL_2,Work and job quality,2024,,80.266,,A,Normal value,0,Units,2,Two,,
DATAFLOW,OECD.WISE.WDP:DSD_HSL@DF_HSL_CWB(1.1),Current well-being,I,AUS,Australia,2_1,Employment rate,PT_POP_Y25T64,Percentage of population aged 25-64 years,_T,Total,_T,Total,_T,Total,HSL_2,Work and job quality,2023,,80.1,,A,Normal value,0,Units,2,Two,,
DATAFLOW,OECD.WISE.WDP:DSD_HSL@DF_HSL_CWB(1.1),Current well-being,I,AUS,Australia,2_1,Employment rate,PT_POP_Y25T64,Percentage of population aged 25-64 years,_T,Total,_T,Total,_T,Total,HSL_2,Work and job quality,2022,,79.578,,A,Normal value,0,Units,2,Two,,
DATAFLOW,OECD.WISE.WDP:DSD_HSL@DF_HSL_CWB(1.1),Current well-being,I,AUS,Australia,2_1,Employment rate,PT_POP_Y25T64,Percentage of population aged 25-64 years,_T,Total,_T,Total,_T,Total,HSL_2,Work and job quality,2021,,77.851,,A,Normal value,0,Units,2,Two,,
DATAFLOW,OECD.WISE.WDP:DSD_HSL@DF_HSL_CWB(1.1),Current well-being,I,AUS,Australia,2_1,Employment rate,PT_POP_Y25T64,Percentage of population aged 25-64 years,_T,Total,_T,Total,_T,Total,HSL_2,Work and job quality,2020,,76.129,,A,Normal value,0,Units,2,Two,,
DATAFLOW,OECD.WISE.WDP:DSD_HSL@DF_HSL_CWB(1.1),Current well-being,I,AUS,Australia,2_1,Employment rate,PT_POP_Y25T64,Percentage of population aged 25-64 years,_T,Total,_T,Total,_T,Total,HSL_2,Work and job quality,2019,,77.598,,A,Normal value,0,Units,2,Two,,
DATAFLOW,OECD.WISE.WDP:DSD_HSL@DF_HSL_CWB(1.1),Current well-being,I,AUS,Australia,2_1,Employment rate,PT_POP_Y25T64,Percentage of population aged 25-64 years,_T,Total,_T,Total,_T,Total,HSL_2,Work and job quality,2018,,76.917,,A,Normal value,0,Units,2,Two,,
DATAFLOW,OECD.WISE.WDP:DSD_HSL@DF_HSL_CWB(1.1),Current well-being,I,AUS,Australia,2_1,Employment rate,PT_POP_Y25T64,Percentage of population aged 25-64 years,_T,Total,_T,Total,_T,Total,HSL_2,Work and job quality,2017,,76.38,,A,Normal value,0,Units,2,Two,,
DATAFLOW,OECD.WISE.WDP:DSD_HSL@DF_HSL_CWB(1.1),Current well-being,I,AUS,Australia,2_1,Employment rate,PT_POP_Y25T64,Percentage of population aged 25-64 years,_T,Total,_T,Total,_T,Total,HSL_2,Work and job quality,2016,,75.888,,A,Normal value,0,Units,2,Two,,
DATAFLOW,OECD.WISE.WDP:DSD_HSL@DF_HSL_CWB(1.1),Current well-being,I,AUS,Australia,2_1,Employment rate,PT_POP_Y25T64,Percentage of population aged 25-64 years,_T,Total,_T,Total,_T,Total,HSL_2,Work and job quality,2015,,75.58,,A,Normal value,0,Units,2,Two,,
DATAFLOW,OECD.WISE.WDP:DSD_HSL@DF_HSL_CWB(1.1),Current well-being,I,AUS,Australia,2_1,Employment rate,PT_POP_Y25T64,Percentage of population aged 25-64 years,_T,Total,_T,Total,_T,Total,HSL_2,Work and job quality,2014,,75.05,,A,Normal value,0,Units,2,Two,,
DATAFLOW,OECD.WISE.WDP:DSD_HSL@DF_HSL_CWB(1.1),Current well-being,I,AUS,Australia,2_1,Employment rate,PT_POP_Y25T64,Percentage of population aged 25-64 years,_T,Total,_T,Total,_T,Total,HSL_2,Work and job quality,2013,,75.336,,A,Normal value,0,Units,2,Two,,
DATAFLOW,OECD.WISE.WDP:DSD_HSL@DF_HSL_CWB(1.1),Current well-being,I,AUS,Australia,6_2_DEP,"Students with low skills in reading, mathematics and science",PT_ST,Percentage of students,_T,Total,_T,Total,_T,Total,HSL_6,Knowledge and skills,2022,,12.08276339,,A,Normal value,0,Units,2,Two,,
DATAFLOW,OECD.WISE.WDP:DSD_HSL@DF_HSL_CWB(1.1),Current well-being,I,AUS,Australia,2_7,Long hours in paid work,PT_SAL,Percentage of employees,_T,Total,_T,Total,_T,Total,HSL_2,Work and job quality,2018,,12.49,,A,Normal value,0,Units,2,Two,,
DATAFLOW,OECD.WISE.WDP:DSD_HSL@DF_HSL_CWB(1.1),Current well-being,I,AUS,Australia,2_7,Long hours in paid work,PT_SAL,Percentage of employees,_T,Total,_T,Total,_T,Total,HSL_2,Work and job quality,2017,,13,,A,Normal value,0,Units,2,Two,,
DATAFLOW,OECD.WISE.WDP:DSD_HSL@DF_HSL_CWB(1.1),Current well-being,I,AUS,Australia,2_7,Long hours in paid work,PT_SAL,Percentage of employees,_T,Total,_T,Total,_T,Total,HSL_2,Work and job quality,2016,,13.09,,A,Normal value,0,Units,2,Two,,
DATAFLOW,OECD.WISE.WDP:DSD_HSL@DF_HSL_CWB(1.1),Current well-being,I,AUS,Australia,2_7,Long hours in paid work,PT_SAL,Percentage of employees,_T,Total,_T,Total,_T,Total,HSL_2,Work and job quality,2023,,10.7,,A,Normal value,0,Units,2,Two,,
DATAFLOW,OECD.WISE.WDP:DSD_HSL@DF_HSL_CWB(1.1),Current well-being,I,AUS,Australia,2_7,Long hours in paid work,PT_SAL,Percentage of employees,_T,Total,_T,Total,_T,Total,HSL_2,Work and job quality,2015,,13.47,,A,Normal value,0,Units,2,Two,,
DATAFLOW,OECD.WISE.WDP:DSD_HSL@DF_HSL_CWB(1.1),Current well-being,I,AUS,Australia,2_7,Long hours in paid work,PT_SAL,Percentage of employees,_T,Total,_T,Total,_T,Total,HSL_2,Work and job quality,2014,,13.36,,A,Normal value,0,Units,2,Two,,
DATAFLOW,OECD.WISE.WDP:DSD_HSL@DF_HSL_CWB(1.1),Current well-being,I,AUS,Australia,2_7,Long hours in paid work,PT_SAL,Percentage of employees,_T,Total,_T,Total,_T,Total,HSL_2,Work and job quality,2013,,14,,A,Normal value,0,Units,2,Two,,
DATAFLOW,OECD.WISE.WDP:DSD_HSL@DF_HSL_CWB(1.1),Current well-being,I,AUS,Australia,2_7,Long hours in paid work,PT_SAL,Percentage of employees,_T,Total,_T,Total,_T,Total,HSL_2,Work and job quality,2012,,14.18,,A,Normal value,0,Units,2,Two,,
DATAFLOW,OECD.WISE.WDP:DSD_HSL@DF_HSL_CWB(1.1),Current well-being,I,AUS,Australia,1_1,Households and NPISHs net adjusted disposable income per capita,USD_PPP_PS,"US dollars per person, PPP converted",_T,Total,_T,Total,_T,Total,HSL_1,Income and wealth,2013,,42081,,A,Normal value,0,Units,2,Two,2022,
DATAFLOW,OECD.WISE.WDP:DSD_HSL@DF_HSL_CWB(1.1),Current well-being,I,AUS,Australia,1_1,Households and NPISHs net adjusted disposable income per capita,USD_PPP_PS,"US dollars per person, PPP converted",_T,Total,_T,Total,_T,Total,HSL_1,Income and wealth,2012,,41572,,A,Normal value,0,Units,2,Two,2022,
DATAFLOW,OECD.WISE.WDP:DSD_HSL@DF_HSL_CWB(1.1),Current well-being,I,AUS,Australia,1_1,Households and NPISHs net adjusted disposable income per capita,USD_PPP_PS,"US dollars per person, PPP converted",_T,Total,_T,Total,_T,Total,HSL_1,Income and wealth,2011,,42084,,A,Normal value,0,Units,2,Two,2022,
DATAFLOW,OECD.WISE.WDP:DSD_HSL@DF_HSL_CWB(1.1),Current well-being,I,AUS,Australia,1_1,Households and NPISHs net adjusted disposable income per capita,USD_PPP_PS,"US dollars per person, PPP converted",_T,Total,_T,Total,_T,Total,HSL_1,Income and wealth,2010,,41406,,A,Normal value,0,Units,2,Two,2022,
DATAFLOW,OECD.WISE.WDP:DSD_HSL@DF_HSL_CWB(1.1),Current well-being,I,AUS,Australia,2_7,Long hours in paid work,PT_SAL,Percentage of employees,_T,Total,_T,Total,_T,Total,HSL_2,Work and job quality,2022,,11.15,,A,Normal value,0,Units,2,Two,,
DATAFLOW,OECD.WISE.WDP:DSD_HSL@DF_HSL_CWB(1.1),Current well-being,I,AUS,Australia,2_7,Long hours in paid work,PT_SAL,Percentage of employees,_T,Total,_T,Total,_T,Total,HSL_2,Work and job quality,2021,,11.26,,A,Normal value,0,Units,2,Two,,
DATAFLOW,OECD.WISE.WDP:DSD_HSL@DF_HSL_CWB(1.1),Current well-being,I,AUS,Australia,2_7,Long hours in paid work,PT_SAL,Percentage of employees,_T,Total,_T,Total,_T,Total,HSL_2,Work and job quality,2020,,11.15,,A,Normal value,0,Units,2,Two,,
DATAFLOW,OECD.WISE.WDP:DSD_HSL@DF_HSL_CWB(1.1),Current well-being,I,AUS,Australia,2_2,Gender wage gap,PT_WG_SAL_M_D,Percentage of wages of men in the same decile,_T,Total,_T,Total,_T,Total,HSL_2,Work and job quality,2016,,13.72843211,,A,Normal value,0,Units,2,Two,,
DATAFLOW,OECD.WISE.WDP:DSD_HSL@DF_HSL_CWB(1.1),Current well-being,I,AUS,Australia,2_2,Gender wage gap,PT_WG_SAL_M_D,Percentage of wages of men in the same decile,_T,Total,_T,Total,_T,Total,HSL_2,Work and job quality,2015,,13.30769231,,A,Normal value,0,Units,2,Two,,
DATAFLOW,OECD.WISE.WDP:DSD_HSL@DF_HSL_CWB(1.1),Current well-being,I,AUS,Australia,2_2,Gender wage gap,PT_WG_SAL_M_D,Percentage of wages of men in the same decile,_T,Total,_T,Total,_T,Total,HSL_2,Work and job quality,2014,,15.77335375,,A,Normal value,0,Units,2,Two,,
DATAFLOW,OECD.WISE.WDP:DSD_HSL@DF_HSL_CWB(1.1),Current well-being,I,AUS,Australia,2_2,Gender wage gap,PT_WG_SAL_M_D,Percentage of wages of men in the same decile,_T,Total,_T,Total,_T,Total,HSL_2,Work and job quality,2011,,15.96638656,,A,Normal value,0,Units,2,Two,,
DATAFLOW,OECD.WISE.WDP:DSD_HSL@DF_HSL_CWB(1.1),Current well-being,I,AUS,Australia,2_2,Gender wage gap,PT_WG_SAL_M_D,Percentage of wages of men in the same decile,_T,Total,_T,Total,_T,Total,HSL_2,Work and job quality,2023,,11.34751773,,A,Normal value,0,Units,2,Two,,
DATAFLOW,OECD.WISE.WDP:DSD_HSL@DF_HSL_CWB(1.1),Current well-being,I,AUS,Australia,2_2,Gender wage gap,PT_WG_SAL_M_D,Percentage of wages of men in the same decile,_T,Total,_T,Total,_T,Total,HSL_2,Work and job quality,2022,,9.875,,A,Normal value,0,Units,2,Two,,
DATAFLOW,OECD.WISE.WDP:DSD_HSL@DF_HSL_CWB(1.1),Current well-being,I,AUS,Australia,2_2,Gender wage gap,PT_WG_SAL_M_D,Percentage of wages of men in the same decile,_T,Total,_T,Total,_T,Total,HSL_2,Work and job quality,2013,,18,,A,Normal value,0,Units,2,Two,,
DATAFLOW,OECD.WISE.WDP:DSD_HSL@DF_HSL_CWB(1.1),Current well-being,I,AUS,Australia,2_2,Gender wage gap,PT_WG_SAL_M_D,Percentage of wages of men in the same decile,_T,Total,_T,Total,_T,Total,HSL_2,Work and job quality,2012,,13.75,,A,Normal value,0,Units,2,Two,,
DATAFLOW,OECD.WISE.WDP:DSD_HSL@DF_HSL_CWB(1.1),Current well-being,I,AUS,Australia,2_2,Gender wage gap,PT_WG_SAL_M_D,Percentage of wages of men in the same decile,_T,Total,_T,Total,_T,Total,HSL_2,Work and job quality,2010,,14.04293381,,A,Normal value,0,Units,2,Two,,
DATAFLOW,OECD.WISE.WDP:DSD_HSL@DF_HSL_CWB(1.1),Current well-being,I,AUS,Australia,2_2,Gender wage gap,PT_WG_SAL_M_D,Percentage of wages of men in the same decile,_T,Total,_T,Total,_T,Total,HSL_2,Work and job quality,2021,,10.47024531,,A,Normal value,0,Units,2,Two,,
DATAFLOW,OECD.WISE.WDP:DSD_HSL@DF_HSL_CWB(1.1),Current well-being,I,AUS,Australia,2_2,Gender wage gap,PT_WG_SAL_M_D,Percentage of wages of men in the same decile,_T,Total,_T,Total,_T,Total,HSL_2,Work and job quality,2020,,10.53333333,,A,Normal value,0,Units,2,Two,,
DATAFLOW,OECD.WISE.WDP:DSD_HSL@DF_HSL_CWB(1.1),Current well-being,I,AUS,Australia,2_2,Gender wage gap,PT_WG_SAL_M_D,Percentage of wages of men in the same decile,_T,Total,_T,Total,_T,Total,HSL_2,Work and job quality,2019,,15.31165312,,A,Normal value,0,Units,2,Two,,
DATAFLOW,OECD.WISE.WDP:DSD_HSL@DF_HSL_CWB(1.1),Current well-being,I,AUS,Australia,2_2,Gender wage gap,PT_WG_SAL_M_D,Percentage of wages of men in the same decile,_T,Total,_T,Total,_T,Total,HSL_2,Work and job quality,2018,,13.44856744,,A,Normal value,0,Units,2,Two,,
DATAFLOW,OECD.WISE.WDP:DSD_HSL@DF_HSL_CWB(1.1),Current well-being,I,AUS,Australia,2_2,Gender wage gap,PT_WG_SAL_M_MEDIAN,Percentage of the median wages of men,_T,Total,_T,Total,_T,Total,HSL_2,Work and job quality,2019,,15.31165312,,A,Normal value,0,Units,2,Two,,
DATAFLOW,OECD.WISE.WDP:DSD_HSL@DF_HSL_CWB(1.1),Current well-being,I,AUS,Australia,2_2,Gender wage gap,PT_WG_SAL_M_MEDIAN,Percentage of the median wages of men,_T,Total,_T,Total,_T,Total,HSL_2,Work and job quality,2018,,13.44856744,,A,Normal value,0,Units,2,Two,,
DATAFLOW,OECD.WISE.WDP:DSD_HSL@DF_HSL_CWB(1.1),Current well-being,I,AUS,Australia,2_2,Gender wage gap,PT_WG_SAL_M_MEDIAN,Percentage of the median wages of men,_T,Total,_T,Total,_T,Total,HSL_2,Work and job quality,2017,,13.00094822,,A,Normal value,0,Units,2,Two,,
DATAFLOW,OECD.WISE.WDP:DSD_HSL@DF_HSL_CWB(1.1),Current well-being,I,AUS,Australia,2_2,Gender wage gap,PT_WG_SAL_M_MEDIAN,Percentage of the median wages of men,_T,Total,_T,Total,_T,Total,HSL_2,Work and job quality,2016,,13.72843211,,A,Normal value,0,Units,2,Two,,
DATAFLOW,OECD.WISE.WDP:DSD_HSL@DF_HSL_CWB(1.1),Current well-being,I,AUS,Australia,2_2,Gender wage gap,PT_WG_SAL_M_MEDIAN,Percentage of the median wages of men,_T,Total,_T,Total,_T,Total,HSL_2,Work and job quality,2015,,13.30769231,,A,Normal value,0,Units,2,Two,,
DATAFLOW,OECD.WISE.WDP:DSD_HSL@DF_HSL_CWB(1.1),Current well-being,I,AUS,Australia,2_2,Gender wage gap,PT_WG_SAL_M_MEDIAN,Percentage of the median wages of men,_T,Total,_T,Total,_T,Total,HSL_2,Work and job quality,2014,,15.77335375,,A,Normal value,0,Units,2,Two,,
DATAFLOW,OECD.WISE.WDP:DSD_HSL@DF_HSL_CWB(1.1),Current well-being,I,AUS,Australia,2_2,Gender wage gap,PT_WG_SAL_M_MEDIAN,Percentage of the median wages of men,_T,Total,_T,Total,_T,Total,HSL_2,Work and job quality,2013,,18,,A,Normal value,0,Units,2,Two,,
DATAFLOW,OECD.WISE.WDP:DSD_HSL@DF_HSL_CWB(1.1),Current well-being,I,AUS,Australia,2_2,Gender wage gap,PT_WG_SAL_M_MEDIAN,Percentage of the median wages of men,_T,Total,_T,Total,_T,Total,HSL_2,Work and job quality,2012,,13.75,,A,Normal value,0,Units,2,Two,,
DATAFLOW,OECD.WISE.WDP:DSD_HSL@DF_HSL_CWB(1.1),Current well-being,I,AUS,Australia,2_2,Gender wage gap,PT_WG_SAL_M_MEDIAN,Percentage of the median wages of men,_T,Total,_T,Total,_T,Total,HSL_2,Work and job quality,2011,,15.96638656,,A,Normal value,0,Units,2,Two,,
DATAFLOW,OECD.WISE.WDP:DSD_HSL@DF_HSL_CWB(1.1),Current well-being,I,AUS,Australia,2_2,Gender wage gap,PT_WG_SAL_M_MEDIAN,Percentage of the median wages of men,_T,Total,_T,Total,_T,Total,HSL_2,Work and job quality,2010,,14.04293381,,A,Normal value,0,Units,2,Two,,
DATAFLOW,OECD.WISE.WDP:DSD_HSL@DF_HSL_CWB(1.1),Current well-being,I,AUS,Australia,2_2,Gender wage gap,PT_WG_SAL_M_MEDIAN,Percentage of the median wages of men,_T,Total,_T,Total,_T,Total,HSL_2,Work and job quality,2023,,11.34751773,,A,Normal value,0,Units,2,Two,,
DATAFLOW,OECD.WISE.WDP:DSD_HSL@DF_HSL_CWB(1.1),Current well-being,I,AUS,Australia,2_2,Gender wage gap,PT_WG_SAL_M_MEDIAN,Percentage of the median wages of men,_T,Total,_T,Total,_T,Total,HSL_2,Work and job quality,2022,,9.875,,A,Normal value,0,Units,2,Two,,
DATAFLOW,OECD.WISE.WDP:DSD_HSL@DF_HSL_CWB(1.1),Current well-being,I,AUS,Australia,2_2,Gender wage gap,PT_WG_SAL_M_MEDIAN,Percentage of the median wages of men,_T,Total,_T,Total,_T,Total,HSL_2,Work and job quality,2021,,10.47024531,,A,Normal value,0,Units,2,Two,,
DATAFLOW,OECD.WISE.WDP:DSD_HSL@DF_HSL_CWB(1.1),Current well-being,I,AUS,Australia,3_2,Housing affordability,PT_B7G_S14,Percentage of household gross adjusted disposable income,_T,Total,_T,Total,_T,Total,HSL_3,Housing,2020,,81.03748231,,A,Normal value,0,Units,2,Two,,
DATAFLOW,OECD.WISE.WDP:DSD_HSL@DF_HSL_CWB(1.1),Current well-being,I,AUS,Australia,3_2,Housing affordability,PT_B7G_S14,Percentage of household gross adjusted disposable income,_T,Total,_T,Total,_T,Total,HSL_3,Housing,2019,,80.65733424,,A,Normal value,0,Units,2,Two,,
DATAFLOW,OECD.WISE.WDP:DSD_HSL@DF_HSL_CWB(1.1),Current well-being,I,AUS,Australia,3_2,Housing affordability,PT_B7G_S14,Percentage of household gross adjusted disposable income,_T,Total,_T,Total,_T,Total,HSL_3,Housing,2018,,80.19753872,,A,Normal value,0,Units,2,Two,,
DATAFLOW,OECD.WISE.WDP:DSD_HSL@DF_HSL_CWB(1.1),Current well-being,I,AUS,Australia,3_2,Housing affordability,PT_B7G_S14,Percentage of household gross adjusted disposable income,_T,Total,_T,Total,_T,Total,HSL_3,Housing,2017,,79.97950115,,A,Normal value,0,Units,2,Two,,
DATAFLOW,OECD.WISE.WDP:DSD_HSL@DF_HSL_CWB(1.1),Current well-being,I,AUS,Australia,3_2,Housing affordability,PT_B7G_S14,Percentage of household gross adjusted disposable income,_T,Total,_T,Total,_T,Total,HSL_3,Housing,2016,,80.05772717,,A,Normal value,0,Units,2,Two,,
DATAFLOW,OECD.WISE.WDP:DSD_HSL@DF_HSL_CWB(1.1),Current well-being,I,AUS,Australia,3_2,Housing affordability,PT_B7G_S14,Percentage of household gross adjusted disposable income,_T,Total,_T,Total,_T,Total,HSL_3,Housing,2015,,80.0728862,,A,Normal value,0,Units,2,Two,,
DATAFLOW,OECD.WISE.WDP:DSD_HSL@DF_HSL_CWB(1.1),Current well-being,I,AUS,Australia,3_2,Housing affordability,PT_B7G_S14,Percentage of household gross adjusted disposable income,_T,Total,_T,Total,_T,Total,HSL_3,Housing,2014,,80.22200134,,A,Normal value,0,Units,2,Two,,
DATAFLOW,OECD.WISE.WDP:DSD_HSL@DF_HSL_CWB(1.1),Current well-being,I,AUS,Australia,3_2,Housing affordability,PT_B7G_S14,Percentage of household gross adjusted disposable income,_T,Total,_T,Total,_T,Total,HSL_3,Housing,2013,,80.13222159,,A,Normal value,0,Units,2,Two,,
DATAFLOW,OECD.WISE.WDP:DSD_HSL@DF_HSL_CWB(1.1),Current well-being,I,AUS,Australia,3_2,Housing affordability,PT_B7G_S14,Percentage of household gross adjusted disposable income,_T,Total,_T,Total,_T,Total,HSL_3,Housing,2012,,80.05456232,,A,Normal value,0,Units,2,Two,,
DATAFLOW,OECD.WISE.WDP:DSD_HSL@DF_HSL_CWB(1.1),Current well-being,I,AUS,Australia,3_2,Housing affordability,PT_B7G_S14,Percentage of household gross adjusted disposable income,_T,Total,_T,Total,_T,Total,HSL_3,Housing,2011,,80.5510946,,A,Normal value,0,Units,2,Two,,
DATAFLOW,OECD.WISE.WDP:DSD_HSL@DF_HSL_CWB(1.1),Current well-being,I,AUS,Australia,3_2,Housing affordability,PT_B7G_S14,Percentage of household gross adjusted disposable income,_T,Total,_T,Total,_T,Total,HSL_3,Housing,2010,,80.83305007,,A,Normal value,0,Units,2,Two,,
DATAFLOW,OECD.WISE.WDP:DSD_HSL@DF_HSL_CWB(1.1),Current well-being,I,AUS,Australia,3_2,Housing affordability,PT_B7G_S14,Percentage of household gross adjusted disposable income,_T,Total,_T,Total,_T,Total,HSL_3,Housing,2023,,80.47406419,,A,Normal value,0,Units,2,Two,,
DATAFLOW,OECD.WISE.WDP:DSD_HSL@DF_HSL_CWB(1.1),Current well-being,I,AUS,Australia,3_2,Housing affordability,PT_B7G_S14,Percentage of household gross adjusted disposable income,_T,Total,_T,Total,_T,Total,HSL_3,Housing,2022,,81.03266642,,A,Normal value,0,Units,2,Two,,
DATAFLOW,OECD.WISE.WDP:DSD_HSL@DF_HSL_CWB(1.1),Current well-being,I,AUS,Australia,8_2,Voter turnout,PT_VOTES,Percentage of votes,_T,Total,_T,Total,_T,Total,HSL_8,Civic engagement,2016,,91.01,,A,Normal value,0,Units,2,Two,,
DATAFLOW,OECD.WISE.WDP:DSD_HSL@DF_HSL_CWB(1.1),Current well-being,I,AUS,Australia,8_2,Voter turnout,PT_VOTES,Percentage of votes,_T,Total,_T,Total,_T,Total,HSL_8,Civic engagement,2013,,93.23,,A,Normal value,0,Units,2,Two,,
DATAFLOW,OECD.WISE.WDP:DSD_HSL@DF_HSL_CWB(1.1),Current well-being,I,AUS,Australia,8_2,Voter turnout,PT_VOTES,Percentage of votes,_T,Total,_T,Total,_T,Total,HSL_8,Civic engagement,2010,,93.22,,A,Normal value,0,Units,2,Two,,
DATAFLOW,OECD.WISE.WDP:DSD_HSL@DF_HSL_CWB(1.1),Current well-being,I,AUS,Australia,8_2,Voter turnout,PT_VOTES,Percentage of votes,_T,Total,_T,Total,_T,Total,HSL_8,Civic engagement,2025,,90.67,,A,Normal value,0,Units,2,Two,,
DATAFLOW,OECD.WISE.WDP:DSD_HSL@DF_HSL_CWB(1.1),Current well-being,I,AUS,Australia,8_2,Voter turnout,PT_VOTES,Percentage of votes,_T,Total,_T,Total,_T,Total,HSL_8,Civic engagement,2022,,89.74,,A,Normal value,0,Units,2,Two,,
DATAFLOW,OECD.WISE.WDP:DSD_HSL@DF_HSL_CWB(1.1),Current well-being,I,AUS,Australia,11_1,Life satisfaction,0_TO_10,0-10 scale,_T,Total,_T,Total,_T,Total,HSL_11,Subjective well-being,2019,,7.5,,A,Normal value,0,Units,2,Two,,
DATAFLOW,OECD.WISE.WDP:DSD_HSL@DF_HSL_CWB(1.1),Current well-being,I,AUS,Australia,6_2,Student mathematics skills,PO,Points,_T,Total,_T,Total,_T,Total,HSL_6,Knowledge and skills,2018,,491.3600252,,A,Normal value,0,Units,2,Two,,
DATAFLOW,OECD.WISE.WDP:DSD_HSL@DF_HSL_CWB(1.1),Current well-being,I,AUS,Australia,6_2,Student mathematics skills,PO,Points,_T,Total,_T,Total,_T,Total,HSL_6,Knowledge and skills,2015,,493.8962313,,A,Normal value,0,Units,2,Two,,
DATAFLOW,OECD.WISE.WDP:DSD_HSL@DF_HSL_CWB(1.1),Current well-being,I,AUS,Australia,6_2,Student mathematics skills,PO,Points,_T,Total,_T,Total,_T,Total,HSL_6,Knowledge and skills,2012,,504.1507663,,A,Normal value,0,Units,2,Two,,
DATAFLOW,OECD.WISE.WDP:DSD_HSL@DF_HSL_CWB(1.1),Current well-being,I,AUS,Australia,1_2,Top average household disposable income quintile,FCTR_Q1_INC,Factor of lowest income quintile,_T,Total,_T,Total,_T,Total,HSL_1,Income and wealth,2012,,5.521158888,,A,Normal value,0,Units,2,Two,,
DATAFLOW,OECD.WISE.WDP:DSD_HSL@DF_HSL_CWB(1.1),Current well-being,I,AUS,Australia,1_2,Top average household disposable income quintile,FCTR_Q1_INC,Factor of lowest income quintile,_T,Total,_T,Total,_T,Total,HSL_1,Income and wealth,2014,,5.662882075,,A,Normal value,0,Units,2,Two,,
DATAFLOW,OECD.WISE.WDP:DSD_HSL@DF_HSL_CWB(1.1),Current well-being,I,AUS,Australia,1_2,Top average household disposable income quintile,FCTR_Q1_INC,Factor of lowest income quintile,_T,Total,_T,Total,_T,Total,HSL_1,Income and wealth,2020,,5.564457018,,A,Normal value,0,Units,2,Two,,
DATAFLOW,OECD.WISE.WDP:DSD_HSL@DF_HSL_CWB(1.1),Current well-being,I,AUS,Australia,1_2,Top average household disposable income quintile,FCTR_Q1_INC,Factor of lowest income quintile,_T,Total,_T,Total,_T,Total,HSL_1,Income and wealth,2018,,5.599479402,,A,Normal value,0,Units,2,Two,,
DATAFLOW,OECD.WISE.WDP:DSD_HSL@DF_HSL_CWB(1.1),Current well-being,I,AUS,Australia,5_1,Life expectancy at birth,Y,Years,_T,Total,_T,Total,_T,Total,HSL_5,Health,2021,,83.3,,A,Normal value,0,Units,2,Two,,
DATAFLOW,OECD.WISE.WDP:DSD_HSL@DF_HSL_CWB(1.1),Current well-being,I,AUS,Australia,1_3,Median net wealth,USD_HH_PPP,"US dollars per household, PPP converted",_T,Total,_T,Total,_T,Total,HSL_1,Income and wealth,2014,,314480,,A,Normal value,0,Units,2,Two,2022,
DATAFLOW,OECD.WISE.WDP:DSD_HSL@DF_HSL_CWB(1.1),Current well-being,I,AUS,Australia,1_1,Households and NPISHs net adjusted disposable income per capita,USD_PPP_PS,"US dollars per person, PPP converted",_T,Total,_T,Total,_T,Total,HSL_1,Income and wealth,2019,,45273,,A,Normal value,0,Units,2,Two,2022,
DATAFLOW,OECD.WISE.WDP:DSD_HSL@DF_HSL_CWB(1.1),Current well-being,I,AUS,Australia,5_3,"Deaths from suicide, alcohol, drugs",DT_10P5HB,Deaths per 100 000 inhabitants,_T,Total,_T,Total,_T,Total,HSL_5,Health,2020,,22.18396758,,A,Normal value,0,Units,2,Two,,
DATAFLOW,OECD.WISE.WDP:DSD_HSL@DF_HSL_CWB(1.1),Current well-being,I,AUS,Australia,9_3,Exposure to extreme temperature,PT_POP,Percentage of population,_T,Total,_T,Total,_T,Total,HSL_9,Environmental quality,2014,,11.61162733,,A,Normal value,0,Units,2,Two,,
DATAFLOW,OECD.WISE.WDP:DSD_HSL@DF_HSL_CWB(1.1),Current well-being,I,AUS,Australia,11_2,Negative affect balance,PT_POP_Y_GE15,Percentage of population aged 15 years or over,_T,Total,_T,Total,_T,Total,HSL_11,Subjective well-being,2010,,12.17246745,,A,Normal value,0,Units,2,Two,,
DATAFLOW,OECD.WISE.WDP:DSD_HSL@DF_HSL_CWB(1.1),Current well-being,I,AUS,Australia,8_1_DEP,Not having a say in government,PT_POP_Y16T65,Percentage of population aged 16-65 years,_T,Total,_T,Total,_T,Total,HSL_8,Civic engagement,2023,,35.585077,,A,Normal value,0,Units,2,Two,,
DATAFLOW,OECD.WISE.WDP:DSD_HSL@DF_HSL_CWB(1.1),Current well-being,I,AUS,Australia,2_1,Employment rate,PT_POP_Y25T64,Percentage of population aged 25-64 years,_T,Total,_T,Total,_T,Total,HSL_2,Work and job quality,2012,,75.589,,A,Normal value,0,Units,2,Two,,
DATAFLOW,OECD.WISE.WDP:DSD_HSL@DF_HSL_CWB(1.1),Current well-being,I,AUS,Australia,6_2_DEP,"Students with low skills in reading, mathematics and science",PT_ST,Percentage of students,_T,Total,_T,Total,_T,Total,HSL_6,Knowledge and skills,2018,,11.21517953,,A,Normal value,0,Units,2,Two,,
DATAFLOW,OECD.WISE.WDP:DSD_HSL@DF_HSL_CWB(1.1),Current well-being,I,AUS,Australia,2_7,Long hours in paid work,PT_SAL,Percentage of employees,_T,Total,_T,Total,_T,Total,HSL_2,Work and job quality,2019,,11.97,,A,Normal value,0,Units,2,Two,,
DATAFLOW,OECD.WISE.WDP:DSD_HSL@DF_HSL_CWB(1.1),Current well-being,I,AUS,Australia,2_2,Gender wage gap,PT_WG_SAL_M_D,Percentage of wages of men in the same decile,_T,Total,_T,Total,_T,Total,HSL_2,Work and job quality,2017,,13.00094822,,A,Normal value,0,Units,2,Two,,
DATAFLOW,OECD.WISE.WDP:DSD_HSL@DF_HSL_CWB(1.1),Current well-being,I,AUS,Australia,2_2,Gender wage gap,PT_WG_SAL_M_MEDIAN,Percentage of the median wages of men,_T,Total,_T,Total,_T,Total,HSL_2,Work and job quality,2020,,10.53333333,,A,Normal value,0,Units,2,Two,,
DATAFLOW,OECD.WISE.WDP:DSD_HSL@DF_HSL_CWB(1.1),Current well-being,I,AUS,Australia,3_2,Housing affordability,PT_B7G_S14,Percentage of household gross adjusted disposable income,_T,Total,_T,Total,_T,Total,HSL_3,Housing,2021,,81.65312835,,A,Normal value,0,Units,2,Two,,
DATAFLOW,OECD.WISE.WDP:DSD_HSL@DF_HSL_CWB(1.1),Current well-being,I,AUS,Australia,8_2,Voter turnout,PT_VOTES,Percentage of votes,_T,Total,_T,Total,_T,Total,HSL_8,Civic engagement,2019,,91.89,,A,Normal value,0,Units,2,Two,,
DATAFLOW,OECD.WISE.WDP:DSD_HSL@DF_HSL_CWB(1.1),Current well-being,I,AUS,Australia,11_1,Life satisfaction,0_TO_10,0-10 scale,_T,Total,_T,Total,_T,Total,HSL_11,Subjective well-being,2020,,7.2,,A,Normal value,0,Units,2,Two,,
DATAFLOW,OECD.WISE.WDP:DSD_HSL@DF_HSL_CWB(1.1),Current well-being,I,AUS,Australia,6_2,Student mathematics skills,PO,Points,_T,Total,_T,Total,_T,Total,HSL_6,Knowledge and skills,2022,,487.08,,A,Normal value,0,Units,2,Two,,
DATAFLOW,OECD.WISE.WDP:DSD_HSL@DF_HSL_CWB(1.1),Current well-being,I,AUS,Australia,1_2,Top average household disposable income quintile,FCTR_Q1_INC,Factor of lowest income quintile,_T,Total,_T,Total,_T,Total,HSL_1,Income and wealth,2016,,5.486117603,,A,Normal value,0,Units,2,Two,,
DATAFLOW,OECD.WISE.WDP:DSD_HSL@DF_HSL_CWB(1.1),Current well-being,I,AUS,Australia,9_2,Exposed to air pollution,PT_POP,Percentage of population,_T,Total,_T,Total,_T,Total,HSL_9,Environmental quality,2013,,99.130447,,A,Normal value,0,Units,2,Two,,
DATAFLOW,OECD.WISE.WDP:DSD_HSL@DF_HSL_CWB(1.1),Current well-being,I,AUS,Australia,9_2,Exposed to air pollution,PT_POP,Percentage of population,_T,Total,_T,Total,_T,Total,HSL_9,Environmental quality,2012,,99.182411,,A,Normal value,0,Units,2,Two,,
DATAFLOW,OECD.WISE.WDP:DSD_HSL@DF_HSL_CWB(1.1),Current well-being,I,AUS,Australia,9_2,Exposed to air pollution,PT_POP,Percentage of population,_T,Total,_T,Total,_T,Total,HSL_9,Environmental quality,2011,,99.134483,,A,Normal value,0,Units,2,Two,,
DATAFLOW,OECD.WISE.WDP:DSD_HSL@DF_HSL_CWB(1.1),Current well-being,I,AUS,Australia,9_2,Exposed to air pollution,PT_POP,Percentage of population,_T,Total,_T,Total,_T,Total,HSL_9,Environmental quality,2010,,99.109207,,A,Normal value,0,Units,2,Two,,
DATAFLOW,OECD.WISE.WDP:DSD_HSL@DF_HSL_CWB(1.1),Current well-being,I,AUS,Australia,9_3,Exposure to extreme temperature,PT_POP,Percentage of population,_T,Total,_T,Total,_T,Total,HSL_9,Environmental quality,2023,,5.101603712,,A,Normal value,0,Units,2,Two,,
DATAFLOW,OECD.WISE.WDP:DSD_HSL@DF_HSL_CWB(1.1),Current well-being,I,AUS,Australia,9_3,Exposure to extreme temperature,PT_POP,Percentage of population,_T,Total,_T,Total,_T,Total,HSL_9,Environmental quality,2022,,8.997925335,,A,Normal value,0,Units,2,Two,,
